札幌駅,北海道
札幌大通・狸小路,北海道
札幌すすきの,北海道
電車通り,北海道
円山公園・西18丁目・宮の森,北海道
琴似・西区,北海道
手稲区,北海道
白石区,北海道
南郷・北郷,北海道
新さっぽろ・厚別区,北海道
豊平区（平岸・月寒）,北海道
南区（澄川・真駒内）,北海道
清田区,北海道
北区（北24条・麻生）,北海道
東区（元町・栄町）,北海道
旭川,北海道
富良野・美瑛,北海道
上川・和寒,北海道
名寄・士別,北海道
函館,北海道
七飯・松前・渡島,北海道
江差・奥尻・檜山,北海道
小樽,北海道
ニセコ・倶知安,北海道
余市・積丹,北海道
島牧・寿都・黒松内,北海道
石狩,北海道
江別・北広島・恵庭,北海道
千歳,北海道
苫小牧,北海道
室蘭,北海道
夕張・岩見沢,北海道
羽幌・留萌,北海道
稚内・宗谷,北海道
日高・えりも,北海道
帯広・十勝,北海道
釧路・阿寒,北海道
根室・中標津,北海道
網走,北海道
北見,北海道
紋別,北海道
仙台,宮城県
青葉区郊外,宮城県
泉区・泉中央・富谷,宮城県
長町・太白区,宮城県
宮城野区・若林区,宮城県
名取・沿岸南部,宮城県
大崎・古川・登米,宮城県
白石・蔵王,宮城県
青森市,青森県
弘前,青森県
黒石・平川,青森県
つがる・鰺ヶ沢・深浦,青森県
五所川原・中泊,青森県
十和田,青森県
七戸・東北町,青森県
三沢,青森県
三戸・五戸・おいらせ,青森県
八戸,青森県
むつ市・大間・野辺地,青森県
盛岡,岩手県
二戸,岩手県
八幡平・滝沢・紫波,岩手県
奥州・金ケ崎,岩手県
一関・平泉,岩手県
花巻,岩手県
北上・西和賀,岩手県
遠野,岩手県
洋野・久慈・普代,岩手県
岩泉・宮古・山田,岩手県
釜石・大槌,岩手県
大船渡・陸前高田・住田,岩手県
松島・利府,宮城県
塩釜・多賀城,宮城県
石巻,宮城県
気仙沼・南三陸,宮城県
秋田市,秋田県
能代・八峰・藤里,秋田県
男鹿・大潟・五城目,秋田県
由利本荘・にかほ,秋田県
北秋田・大館・鹿角,秋田県
仙北・大仙,秋田県
横手,秋田県
湯沢・羽後,秋田県
山形市,山形県
米沢・高畠・南陽,山形県
上山,山形県
白鷹・長井・小国,山形県
天童・東根・尾花沢,山形県
寒河江・大江・朝日町,山形県
新庄・最上,山形県
酒田・遊佐,山形県
鶴岡・庄内,山形県
福島市,福島県
二本松・本宮,福島県
伊達・桑折・川俣,福島県
郡山,福島県
田村・小野・三春,福島県
須賀川・天栄,福島県
古殿・石川町・玉川村,福島県
白河・矢吹,福島県
いわき,福島県
浪江・大熊・広野,福島県
相馬・南相馬,福島県
会津若松,福島県
猪苗代・北塩原,福島県
喜多方,福島県
下郷・南会津・只見,福島県
銀座,東京都
新橋,東京都
赤坂,東京都
虎ノ門,東京都
浜松町・大門,東京都
田町・三田,東京都
飯田橋,東京都
神楽坂,東京都
宮崎台・鷺沼,神奈川県
横浜駅,神奈川県
横浜元町・山下公園,神奈川県
たまプラーザ・あざみ野,神奈川県
朝霞,埼玉県
川越,埼玉県
狭山,埼玉県
東松山・鶴ヶ島,埼玉県
柏,千葉県
松戸,千葉県
野田,千葉県
我孫子,千葉県
鎌ヶ谷,千葉県
白井・印西,千葉県
八千代・佐倉・四街道,千葉県
木更津,千葉県
茂原,千葉県
東金・九十九里,千葉県
成田・佐原,千葉県
安中,群馬県
藤岡・玉村,群馬県
下仁田・上野村・神流町,群馬県
富岡,群馬県
伊勢崎,群馬県
牛久・龍ケ崎・阿見,茨城県
つくば,茨城県
汐留,東京都
芝公園・東京タワー周辺,東京都
芝浦,東京都
永田町,東京都
ふじみ野・上福岡,埼玉県
和光市,埼玉県
志木,埼玉県
坂戸,埼玉県
入間,埼玉県
流山,千葉県
市原,千葉県
館山,千葉県
鴨川,千葉県
勝浦,千葉県
銚子,千葉県
渋川・伊香保,群馬県
土浦,茨城県
守谷,茨城県
取手,茨城県
溝の口,神奈川県
みなとみらい,神奈川県
所沢,埼玉県
石岡・かすみがうら市,茨城県
有楽町・日比谷,東京都
平沼,神奈川県
九段下,東京都
桜木町,神奈川県
築地,東京都
浅間下,神奈川県
関内・馬車道,神奈川県
霞ヶ関,東京都
市ヶ谷,東京都
新子安・東神奈川,神奈川県
月島,東京都
伊勢佐木町・長者町,神奈川県
横浜中華街,神奈川県
青葉台,神奈川県
三ツ沢・片倉,神奈川県
神谷町,東京都
四谷（四ツ谷）,東京都
六本木,東京都
半蔵門・麹町,東京都
西麻布,東京都
信濃町,東京都
広尾,東京都
本牧・山手,神奈川県
麻布十番,東京都
白金・白金台,東京都
新宿,東京都
初台,東京都
千駄ヶ谷,東京都
大久保,東京都
高田馬場,東京都
早稲田,東京都
渋谷,東京都
原宿,東京都
表参道・青山,東京都
外苑前・青山一丁目,東京都
池袋,東京都
目白,東京都
護国寺,東京都
大塚,東京都
巣鴨,東京都
駒込,東京都
白山,東京都
丸の内,東京都
大手町,東京都
東京駅（八重洲）,東京都
日本橋,東京都
京橋,東京都
三越前,東京都
上野,東京都
御徒町,東京都
湯島,東京都
浅草,東京都
日暮里,東京都
田端,東京都
根津,東京都
千駄木,東京都
神田,東京都
秋葉原,東京都
御茶ノ水,東京都
神保町,東京都
水道橋,東京都
小石川,東京都
本郷,東京都
品川,東京都
五反田,東京都
大崎,東京都
戸越銀座・旗の台,東京都
天王洲アイル周辺,東京都
お台場,東京都
有明,東京都
晴海,東京都
豊洲,東京都
恵比寿,東京都
代官山,東京都
中目黒,東京都
祐天寺,東京都
目黒,東京都
不動前・武蔵小山,東京都
自由が丘,東京都
田園調布,東京都
学芸大学,東京都
三軒茶屋,東京都
池尻大橋・三宿,東京都
駒澤大学,東京都
二子玉川・用賀,東京都
下北沢,東京都
代々木上原,東京都
笹塚,東京都
明大前,東京都
高井戸,東京都
千歳烏山・仙川,東京都
豪徳寺・経堂,東京都
千歳船橋・成城学園前,東京都
喜多見・狛江,東京都
中野,東京都
荻窪,東京都
高円寺,東京都
方南町,東京都
落合,東京都
井荻,東京都
吉祥寺,東京都
三鷹,東京都
練馬,東京都
平和台,東京都
光が丘,東京都
大泉学園,東京都
江古田,東京都
上石神井,東京都
田無,東京都
東久留米,東京都
東村山,東京都
清瀬,東京都
錦糸町・住吉,東京都
押上,東京都
両国,東京都
浅草橋,東京都
亀戸,東京都
新小岩,東京都
小岩,東京都
船堀・瑞江,東京都
人形町・小伝馬町,東京都
茅場町,東京都
八丁堀,東京都
門前仲町,東京都
清澄白河,東京都
木場,東京都
東陽町,東京都
南砂町・菊川,東京都
西葛西・葛西,東京都
新木場・葛西臨海公園,東京都
南千住,東京都
町屋,東京都
北千住,東京都
綾瀬,東京都
西新井,東京都
金町,東京都
亀有・青砥,東京都
板橋,東京都
成増,東京都
高島平,東京都
赤羽,東京都
王子,東京都
大井町,東京都
大森,東京都
蒲田,東京都
羽田,東京都
池上・洗足池,東京都
府中,東京都
稲城,東京都
調布,東京都
聖蹟桜ヶ丘,東京都
多摩センター,東京都
町田,東京都
鶴川,東京都
小金井,東京都
小平,東京都
国分寺,東京都
国立,東京都
立川,東京都
昭島,東京都
八王子,東京都
日野,東京都
青梅・小作,東京都
福生,東京都
あきる野,東京都
伊豆諸島・小笠原諸島,東京都
川崎,神奈川県
鶴見,神奈川県
武蔵小杉・元住吉,神奈川県
日吉・綱島,神奈川県
白楽・反町,神奈川県
新横浜,神奈川県
センター北・南,神奈川県
鴨居・十日市場,神奈川県
上大岡・弘明寺,神奈川県
港南台・洋光台,神奈川県
磯子・新杉田,神奈川県
金沢文庫・八景島,神奈川県
横須賀・追浜,神奈川県
久里浜・浦賀,神奈川県
秋谷・大楠,神奈川県
三浦,神奈川県
葉山,神奈川県
戸塚・東戸塚,神奈川県
鎌倉,神奈川県
逗子,神奈川県
大船,神奈川県
藤沢,神奈川県
辻堂,神奈川県
江ノ島・鵠沼,神奈川県
湘南台・善行,神奈川県
茅ヶ崎・寒川,神奈川県
平塚,神奈川県
大磯・二宮,神奈川県
登戸・向ヶ丘遊園,神奈川県
新百合ヶ丘,神奈川県
保土ヶ谷・星川,神奈川県
二俣川,神奈川県
いずみ野・立場,神奈川県
大和・座間,神奈川県
中央林間・鶴間,神奈川県
相模大野,神奈川県
橋本・相模原・古淵,神奈川県
相模湖・津久井,神奈川県
本厚木・厚木,神奈川県
海老名,神奈川県
秦野・渋沢・大井松田,神奈川県
愛甲石田・伊勢原,神奈川県
小田原・南足柄,神奈川県
箱根,神奈川県
強羅,神奈川県
湯河原・真鶴,神奈川県
大宮,埼玉県
さいたま新都心・与野,埼玉県
さいたま市北部,埼玉県
浦和,埼玉県
川口・東川口,埼玉県
蕨,埼玉県
戸田・戸田公園,埼玉県
越谷,埼玉県
草加,埼玉県
三郷・八潮,埼玉県
春日部,埼玉県
岩槻,埼玉県
飯能・日高,埼玉県
秩父・長瀞,埼玉県
上尾・蓮田,埼玉県
桶川・鴻巣,埼玉県
熊谷・行田,埼玉県
本庄・深谷,埼玉県
久喜・加須,埼玉県
千葉駅・蘇我,千葉県
幕張,千葉県
稲毛,千葉県
海浜幕張,千葉県
都賀・鎌取,千葉県
本八幡,千葉県
市川,千葉県
船橋・西船橋,千葉県
津田沼,千葉県
北習志野,千葉県
舞浜,千葉県
浦安,千葉県
南船橋・新習志野,千葉県
行徳・原木,千葉県
高崎,群馬県
前橋,群馬県
桐生・みどり市,群馬県
太田,群馬県
館林・大泉・明和,群馬県
草津,群馬県
東吾妻・中之条・高山,群馬県
嬬恋・長野原,群馬県
沼田・みなかみ・片品,群馬県
宇都宮,栃木県
小山・下野,栃木県
真岡,栃木県
益子・市貝・芳賀,栃木県
鹿沼,栃木県
栃木市・壬生,栃木県
佐野,栃木県
足利,栃木県
日光,栃木県
鬼怒川,栃木県
さくら市・高根沢,栃木県
那須烏山・那珂川,栃木県
那須塩原・塩原温泉,栃木県
黒磯,栃木県
那須町・那須高原,栃木県
大田原,栃木県
矢板・塩谷,栃木県
水戸,茨城県
笠間・城里,茨城県
小美玉・茨城町,茨城県
大洗,茨城県
ひたちなか・勝田,茨城県
那珂・東海村,茨城県
日立,茨城県
高萩・北茨城,茨城県
常陸太田,茨城県
常陸大宮・大子,茨城県
古河,茨城県
筑西・結城・桜川,茨城県
下妻・坂東・常総,茨城県
鹿嶋・潮来,茨城県
鉾田・行方,茨城県
燕市・弥彦,新潟県
長岡,新潟県
三条市・燕三条・加茂,新潟県
見附,新潟県
小千谷,新潟県
新潟市中央区,新潟県
新潟市江南区・秋葉区・南区,新潟県
新潟市西区,新潟県
新潟市西蒲区,新潟県
新潟市東区・北区,新潟県
村上・関川,新潟県
新発田・胎内,新潟県
五泉・阿賀野・阿賀,新潟県
魚沼,新潟県
十日町・津南,新潟県
南魚沼・湯沢,新潟県
柏崎,新潟県
糸魚川,新潟県
上越市,新潟県
妙高,新潟県
佐渡,新潟県
富山市,富山県
立山・上市,富山県
滑川・魚津,富山県
黒部・入善・朝日町,富山県
高岡,富山県
砺波・南砺,富山県
射水,富山県
小矢部,富山県
氷見,富山県
金沢,石川県
野々市,石川県
かほく・津幡・内灘,石川県
七尾・和倉温泉・羽咋,石川県
輪島・珠洲・穴水,石川県
加賀・小松,石川県
白山・松任,石川県
福井市,福井県
勝山,福井県
大野,福井県
坂井・あわら・永平寺,福井県
鯖江・越前町,福井県
越前市,福井県
南越前・池田町,福井県
敦賀・若狭・美浜,福井県
小浜,福井県
名駅,愛知県
守山区,愛知県
北区,愛知県
西区,愛知県
一宮,愛知県
小牧,愛知県
大曽根,愛知県
江南,愛知県
春日井,愛知県
犬山,愛知県
初生・高丘周辺,静岡県
幸・住吉・上島周辺,静岡県
その他浜松市,静岡県
浜松駅周辺,静岡県
その他の中村区,愛知県
浜北,静岡県
浜松市天竜区,静岡県
浜名湖・湖西,静岡県
栄周辺,愛知県
丸の内・市役所,愛知県
（名古屋）伏見,愛知県
新栄・CBC,愛知県
白壁・東区役所,愛知県
金山・東別院,愛知県
大須・上前津・鶴舞,愛知県
熱田区,愛知県
千種・今池・池下,愛知県
覚王山・東山公園,愛知県
星ヶ丘・一社,愛知県
名東区・藤が丘,愛知県
天白区,愛知県
瑞穂区,愛知県
昭和区,愛知県
中川区,愛知県
緑区,愛知県
港区,愛知県
南区,愛知県
豊田,愛知県
岡崎,愛知県
刈谷,愛知県
安城,愛知県
西三河,愛知県
尾張旭,愛知県
長久手・日進,愛知県
稲沢,愛知県
津島・あま市,愛知県
大府・東海,愛知県
常滑・知多半島,愛知県
半田,愛知県
蒲郡・東三河,愛知県
豊橋,愛知県
岐阜市,岐阜県
各務原,岐阜県
大垣・海津,岐阜県
羽島,岐阜県
本巣・池田・揖斐川,岐阜県
可児・美濃加茂・白川,岐阜県
関・美濃,岐阜県
郡上,岐阜県
多治見,岐阜県
瑞浪,岐阜県
中津川・恵那,岐阜県
飛騨・高山,岐阜県
下呂,岐阜県
四日市,三重県
桑名・いなべ,三重県
鈴鹿,三重県
亀山,三重県
伊賀,三重県
名張,三重県
津,三重県
松阪,三重県
明和・玉城,三重県
伊勢,三重県
鳥羽・志摩,三重県
熊野・御浜・紀宝,三重県
尾鷲・大紀・大台,三重県
長野市,長野県
須坂・小布施,長野県
信濃・飯綱,長野県
千曲・坂城,長野県
飯山・中野・志賀高原,長野県
軽井沢,長野県
小諸・御代田,長野県
上田・東御・長和,長野県
佐久・小海・川上,長野県
松本,長野県
白馬・大町,長野県
安曇野・筑北,長野県
塩尻・山形村,長野県
木曽・大桑・南木曽,長野県
岡谷・諏訪・茅野,長野県
伊那・箕輪・辰野,長野県
駒ケ根・飯島・中川,長野県
飯田・大鹿・根羽,長野県
甲府,山梨県
甲州・山梨市・笛吹,山梨県
早川・身延・南部町,山梨県
甲斐・韮崎・南アルプス,山梨県
大月・上野原・都留,山梨県
河口湖・富士吉田・山中湖,山梨県
熱海,静岡県
函南,静岡県
伊豆の国,静岡県
修善寺,静岡県
伊豆,静岡県
伊東,静岡県
下田・東伊豆,静岡県
西伊豆・南伊豆,静岡県
三島,静岡県
沼津,静岡県
裾野,静岡県
御殿場,静岡県
富士市,静岡県
富士宮,静岡県
静岡,静岡県
清水,静岡県
藤枝,静岡県
焼津,静岡県
牧之原・吉田,静岡県
島田,静岡県
川根本町,静岡県
御前崎,静岡県
菊川,静岡県
掛川,静岡県
袋井,静岡県
磐田,静岡県
森町,静岡県
心斎橋,大阪府
淀屋橋,大阪府
北浜,大阪府
肥後橋,大阪府
本町・堺筋本町,大阪府
阿波座・京町堀,大阪府
守口,大阪府
枚方・交野,大阪府
大東・四條畷,大阪府
八尾,大阪府
堺,大阪府
なかもず・深井・北野田,大阪府
四条烏丸・烏丸御池,京都府
西院,京都府
桂・西京極,京都府
嵐山,京都府
伏見・醍醐,京都府
向日・長岡京,京都府
八幡・京田辺,京都府
舞鶴・宮津・京丹後,京都府
福知山・綾部,京都府
亀岡,京都府
大和高田,奈良県
橿原,奈良県
栗東,滋賀県
野洲,滋賀県
草津・南草津,滋賀県
茶屋町・中崎町,大阪府
門真,大阪府
寝屋川,大阪府
東大阪,大阪府
四条大宮,京都府
嵯峨野・太秦,京都府
宇治,京都府
山科,京都府
守山,滋賀県
梅田・大阪駅,大阪府
大原・鞍馬・貴船,京都府
北新地,大阪府
西梅田,大阪府
東通り・堂山,大阪府
東梅田・お初天神・太融寺,大阪府
（大阪）福島・野田・中之島,大阪府
なんば（難波）,大阪府
（大阪）日本橋,大阪府
芦原・今宮,大阪府
西天満,大阪府
南森町,大阪府
天満・天神橋筋,大阪府
天満橋,大阪府
谷町・谷町四丁目,大阪府
鶴橋,大阪府
上本町,大阪府
（大阪）京橋,大阪府
鶴見・都島,大阪府
九条,大阪府
天保山・弁天町・USJ,大阪府
大阪南港,大阪府
大正・住之江,大阪府
天王寺・阿倍野,大阪府
新世界,大阪府
天下茶屋・西成,大阪府
住吉,大阪府
生野・平野,大阪府
新大阪駅,大阪府
西中島南方,大阪府
十三・淀川,大阪府
上新庄・東淀川,大阪府
千里中央,大阪府
豊中,大阪府
池田・阪急石橋,大阪府
箕面・能勢,大阪府
江坂,大阪府
吹田・摂津,大阪府
茨木,大阪府
高槻,大阪府
松原・藤井寺・河内長野,大阪府
岸和田・和泉・泉佐野,大阪府
四条河原町周辺・寺町,京都府
木屋町・先斗町,京都府
二条城,京都府
京都御所・西陣,京都府
京都駅,京都府
七条・丹波口,京都府
東寺・東福寺,京都府
吉祥院・鳥羽,京都府
祇園,京都府
円山公園・高台寺・清水寺,京都府
岡崎・平安神宮・南禅寺,京都府
銀閣寺・北白川・出町柳,京都府
上賀茂・北山（京都）,京都府
金閣寺・衣笠,京都府
三宮,兵庫県
新神戸・北野・異人館,兵庫県
神戸元町・トアロード,兵庫県
南京町・旧居留地,兵庫県
神戸,兵庫県
六甲,兵庫県
王子・灘,兵庫県
住吉,兵庫県
御影,兵庫県
岡本・本山,兵庫県
須磨,兵庫県
垂水,兵庫県
神戸市北区・有馬温泉,兵庫県
三田,兵庫県
ハーバーランド,兵庫県
メリケンパーク,兵庫県
ポートアイランド,兵庫県
六甲アイランド,兵庫県
西宮,兵庫県
芦屋,兵庫県
夙川,兵庫県
甲子園,兵庫県
尼崎,兵庫県
宝塚,兵庫県
伊丹,兵庫県
川西,兵庫県
加古川,兵庫県
西脇,兵庫県
姫路,兵庫県
赤穂,兵庫県
淡路島,兵庫県
明石,兵庫県
三木・小野,兵庫県
神戸市西区,兵庫県
丹波・城崎,兵庫県
奈良市,奈良県
大和郡山,奈良県
天理,奈良県
桜井・宇陀,奈良県
生駒,奈良県
王寺・広陵・香芝,奈良県
吉野・五條・十津川,奈良県
曽爾・川上・下北山,奈良県
近江八幡,滋賀県
甲賀・湖南,滋賀県
東近江・日野,滋賀県
大津市南部,滋賀県
大津市北部,滋賀県
高島,滋賀県
長浜・米原,滋賀県
彦根・多賀・愛荘,滋賀県
和歌山市,和歌山県
海南,和歌山県
岩出・紀の川・橋本,和歌山県
有田・湯浅・みなべ,和歌山県
田辺・白浜・すさみ,和歌山県
新宮・串本,和歌山県
岡山市,岡山県
美咲,岡山県
津山,岡山県
広島市,広島県
廿日市市・大竹市,広島県
宮島,広島県
西条・東広島,広島県
竹原,広島県
呉,広島県
福山・府中,広島県
尾道,広島県
三原,広島県
庄原・神石,広島県
三次・世羅,広島県
安芸高田・山県郡,広島県
倉敷,岡山県
赤磐・瀬戸内・備前,岡山県
井原・笠岡・浅口,岡山県
総社・高梁・吉備中央,岡山県
美作・奈義・勝央,岡山県
新見・真庭,岡山県
下関,山口県
宇部,山口県
山陽小野田,山口県
萩,山口県
美祢,山口県
長門,山口県
山口市,山口県
防府,山口県
周南,山口県
下松,山口県
岩国,山口県
光市・柳井・周防大島,山口県
松江,島根県
出雲,島根県
雲南・飯南・奥出雲,島根県
安来,島根県
大田・美郷・邑南,島根県
浜田・江津,島根県
津和野・益田・吉賀,島根県
隠岐,島根県
鳥取市,鳥取県
八頭・若桜・智頭,鳥取県
倉吉・湯梨浜・琴浦,鳥取県
米子,鳥取県
境港,鳥取県
大山・伯耆・南部,鳥取県
日南・日野・江府,鳥取県
伊予・砥部,愛媛県
今治,愛媛県
鬼北,愛媛県
宇和島,愛媛県
徳島市,徳島県
美馬・吉野川・石井,徳島県
三好,徳島県
小松島,徳島県
鳴門,徳島県
阿波,徳島県
阿南,徳島県
那賀・勝浦,徳島県
美波・牟岐・海陽,徳島県
松山,愛媛県
久万高原・東温,愛媛県
西条,愛媛県
新居浜,愛媛県
四国中央,愛媛県
八幡浜・大洲・西予,愛媛県
高松,香川県
三木・さぬき・東かがわ,香川県
三豊・観音寺,香川県
坂出,香川県
丸亀,香川県
多度津・善通寺・琴平,香川県
綾川・まんのう,香川県
小豆島・直島,香川県
高知市,高知県
南国・香南・香美,高知県
大豊・本山・土佐町,高知県
土佐・須崎・いの町,高知県
仁淀川・越知・佐川,高知県
安芸・室戸,高知県
梼原・津野・四万十町,高知県
四万十市・土佐清水,高知県
宿毛,高知県
天神,福岡県
大名,福岡県
赤坂,福岡県
今泉,福岡県
警固,福岡県
薬院,福岡県
親富孝,福岡県
博多,福岡県
高宮・野間,福岡県
平尾・清川,福岡県
百道・藤崎,福岡県
ヤフードーム周辺,福岡県
西新,福岡県
福岡市早良区,福岡県
八幡西区・東区,福岡県
その他北九州市,福岡県
久留米,福岡県
太宰府・二日市,福岡県
柳川,福岡県
大牟田,福岡県
大橋,福岡県
小倉北区,福岡県
大野城・春日,福岡県
その他南区,福岡県
小倉南区,福岡県
大濠,福岡県
六本松,福岡県
桜坂・小笹,福岡県
中洲,福岡県
西中洲・春吉,福岡県
川端・祇園,福岡県
姪浜・小戸,福岡県
その他西区・糸島,福岡県
香椎,福岡県
箱崎,福岡県
その他東区,福岡県
別府,福岡県
その他城南区,福岡県
宗像,福岡県
筑豊・糟屋郡,福岡県
佐賀市,佐賀県
鳥栖・みやき・神埼,佐賀県
伊万里・有田,佐賀県
唐津・呼子・玄海,佐賀県
多久・小城,佐賀県
武雄,佐賀県
嬉野・鹿島・太良,佐賀県
白石・大町・江北町,佐賀県
長崎市,長崎県
西海,長崎県
時津・長与,長崎県
雲仙,長崎県
島原・南島原,長崎県
諫早,長崎県
大村,長崎県
佐世保,長崎県
波佐見・川棚,長崎県
平戸・松浦,長崎県
五島,長崎県
壱岐,長崎県
対馬,長崎県
熊本市,熊本県
荒尾・玉名・長洲,熊本県
山鹿・大津・菊陽,熊本県
西原・益城・御船,熊本県
宇土・宇城・美里,熊本県
水俣・芦北・津奈木,熊本県
小国・阿蘇・南阿蘇,熊本県
上天草・天草・苓北,熊本県
人吉・球磨・錦町,熊本県
大分市,大分県
臼杵・津久見,大分県
別府,大分県
湯布院,大分県
杵築,大分県
佐伯,大分県
豊後大野,大分県
竹田,大分県
日田,大分県
玖珠・九重,大分県
中津,大分県
宇佐,大分県
豊後高田・国東,大分県
宮崎市,宮崎県
小林・えびの・高原町,宮崎県
都城・三股,宮崎県
日南・串間,宮崎県
延岡,宮崎県
日向・門川,宮崎県
高鍋・西都・都農,宮崎県
五ヶ瀬・高千穂・日之影,宮崎県
美郷・椎葉・西米良,宮崎県
鹿児島市,鹿児島県
いちき串木野・日置,鹿児島県
枕崎・南さつま,鹿児島県
指宿・南九州,鹿児島県
さつま・薩摩川内・姶良,鹿児島県
霧島・湧水,鹿児島県
阿久根・出水・伊佐,鹿児島県
志布志・曽於・大崎,鹿児島県
鹿屋・垂水,鹿児島県
肝付・錦江・南大隅,鹿児島県
種子島,鹿児島県
屋久島,鹿児島県
奄美大島,鹿児島県
徳之島・沖永良部・与論,鹿児島県
那覇,沖縄県
国頭・大宜味,沖縄県
名護・宜野座,沖縄県
本部・今帰仁,沖縄県
伊江島・伊是名・伊平屋,沖縄県
恩納村・読谷・北谷,沖縄県
沖縄市・うるま市,沖縄県
宜野湾・北中城・中城,沖縄県
浦添,沖縄県
南風原・南城市・八重瀬,沖縄県
糸満・豊見城,沖縄県
石垣島・西表島・与那国島,沖縄県
宮古島・伊良部島・多良間島,沖縄県
久米島・慶良間諸島,沖縄県
大東島,沖縄県